<BackupInst xmlns="http://www.microsoft.com/GroupPolicy/GPOOperations/Manifest"><GPOGuid><![CDATA[{DC864033-4CD7-4356-9A36-304E828AA3A2}]]></GPOGuid><GPODomain><![CDATA[SCA.org]]></GPODomain><GPODomainGuid><![CDATA[{3a7c9f4c-d912-4f75-9bb2-8948f07b9b27}]]></GPODomainGuid><GPODomainController><![CDATA[WIN-118D2CCPPPT.SCA.org]]></GPODomainController><BackupTime><![CDATA[2017-03-22T11:22:52]]></BackupTime><ID><![CDATA[{065FE816-BF7E-49B1-9A87-3D7F7152EA08}]]></ID><Comment><![CDATA[]]></Comment><GPODisplayName><![CDATA[CIS Microsoft Office Word 2013 v1.1.0]]></GPODisplayName></BackupInst>
